{
  "strategy": "breakout_52w",
  "best_value": 100.09285954741404,
  "best_params": {
    "lookback_days": 210,
    "buffer_pct": 0.7000000000000001,
    "entry_hhmm_min": 1470
  },
  "best_user_attrs": {
    "fold1_test_calmar": 201.63615430513718,
    "fold1_test_trades": 56,
    "fold1_test_win_rate": 0.625,
    "fold1_monthly_trades": 28.0,
    "fold1_all_pass": true,
    "fold2_test_return": -0.08193219566398335,
    "fold2_test_mdd": -0.0862413628551583,
    "fold2_overfit": -1.1151724997590158,
    "fold2_gates_passed": 2,
    "fold3_test_calmar": 103.3813280186324,
    "fold3_test_trades": 77,
    "fold3_test_win_rate": 0.5844155844155844,
    "fold3_monthly_trades": 38.5,
    "fold3_all_pass": true,
    "avg_overfit": 16.86758999701783,
    "agg_trades": 149,
    "worst_mdd": -0.0862413628551583,
    "valid": true,
    "fold1_test_return": 0.24468781069833412,
    "fold1_test_mdd": -0.012413324730454948,
    "fold1_overfit": NaN,
    "fold1_gates_passed": 5,
    "fold2_test_calmar": -4.738903681527456,
    "fold2_test_trades": 16,
    "fold2_test_win_rate": 0.3125,
    "fold2_monthly_trades": 8.0,
    "fold2_all_pass": false,
    "fold3_test_return": 0.30147023103490045,
    "fold3_test_mdd": -0.04120080536137154,
    "fold3_overfit": 34.850352493794674,
    "fold3_gates_passed": 5,
    "avg_calmar": 100.09285954741404,
    "avg_monthly_trades": 24.833333333333332,
    "agg_win_rate": 0.5704697986577181,
    "agg_gates_passed": 5
  },
  "n_trials": 1000,
  "n_valid": 1000
}