{
  "strategy": "close_to_open",
  "best_value": 26.531255015160088,
  "best_params": {
    "min_change_pct": 6.0,
    "entry_hhmm_min": 1430,
    "entry_hhmm_max": 1500
  },
  "best_user_attrs": {
    "fold1_test_calmar": 31.30865504694295,
    "fold1_test_trades": 96,
    "fold1_test_win_rate": 0.4270833333333333,
    "fold1_monthly_trades": 48.0,
    "fold1_all_pass": true,
    "fold2_test_return": -0.10259837206924127,
    "fold2_test_mdd": -0.10719368070319912,
    "fold2_overfit": -1.814501419185337,
    "fold2_gates_passed": 3,
    "fold3_test_calmar": 52.81809778257791,
    "fold3_test_trades": 127,
    "fold3_test_win_rate": 0.4251968503937008,
    "fold3_monthly_trades": 63.5,
    "fold3_all_pass": true,
    "avg_overfit": 67.19102119282307,
    "agg_trades": 291,
    "worst_mdd": -0.10719368070319912,
    "valid": true,
    "fold1_test_return": 0.1365728052847064,
    "fold1_test_mdd": -0.03454993939318202,
    "fold1_overfit": NaN,
    "fold1_gates_passed": 5,
    "fold2_test_calmar": -4.532987784040585,
    "fold2_test_trades": 68,
    "fold2_test_win_rate": 0.23529411764705882,
    "fold2_monthly_trades": 34.0,
    "fold2_all_pass": false,
    "fold3_test_return": 0.22227749689324972,
    "fold3_test_mdd": -0.048115289689929605,
    "fold3_overfit": 136.1965438048315,
    "fold3_gates_passed": 5,
    "avg_calmar": 26.531255015160088,
    "avg_monthly_trades": 48.5,
    "agg_win_rate": 0.38144329896907214,
    "agg_gates_passed": 5
  },
  "n_trials": 1000,
  "n_valid": 803
}