{
  "strategy": "limit_up_chase",
  "best_value": 138.9495666346082,
  "best_params": {
    "chase_threshold_pct": 10.0,
    "limit_proximity_pct": 25.0,
    "vol_lookback_bars": 15,
    "volume_mult": 3.0,
    "entry_window_end_bar": 270,
    "take_profit_pct": 7.5,
    "stop_loss_pct": -5.0
  },
  "best_user_attrs": {
    "fold1_test_return": 0.11962431743978619,
    "fold1_test_mdd": -0.03238389673558804,
    "fold1_overfit": 1.2153753203976094,
    "fold1_gates_passed": 5,
    "fold2_test_calmar": -1.6708759267503113,
    "fold2_test_trades": 22,
    "fold2_test_win_rate": 0.36363636363636365,
    "fold2_monthly_trades": 11.0,
    "fold2_all_pass": false,
    "fold3_test_return": 0.38237070139983054,
    "fold3_test_mdd": -0.017135899959570926,
    "fold3_overfit": 92.53768825939045,
    "fold3_gates_passed": 5,
    "avg_calmar": 138.9495666346082,
    "avg_monthly_trades": 19.666666666666668,
    "agg_win_rate": 0.5932203389830508,
    "agg_gates_passed": 5,
    "fold1_test_calmar": 28.102722893408536,
    "fold1_test_trades": 32,
    "fold1_test_win_rate": 0.5625,
    "fold1_monthly_trades": 16.0,
    "fold1_all_pass": true,
    "fold2_test_return": -0.015462107434377814,
    "fold2_test_mdd": -0.054662395687550755,
    "fold2_overfit": -0.07120289965482415,
    "fold2_gates_passed": 3,
    "fold3_test_calmar": 390.4168529371664,
    "fold3_test_trades": 64,
    "fold3_test_win_rate": 0.6875,
    "fold3_monthly_trades": 32.0,
    "fold3_all_pass": true,
    "avg_overfit": 31.227286893377748,
    "agg_trades": 118,
    "worst_mdd": -0.054662395687550755,
    "valid": true
  },
  "n_trials": 1000,
  "n_valid": 754
}