{
  "strategy": "macd_cross",
  "best_value": 87.84331081497095,
  "best_params": {
    "fast_period": 14,
    "slow_period": 34,
    "signal_period": 12,
    "entry_hhmm_min": 1430
  },
  "best_user_attrs": {
    "fold1_test_return": 0.11796539663398975,
    "fold1_test_mdd": -0.02264331710888235,
    "fold1_overfit": NaN,
    "fold1_gates_passed": 5,
    "fold2_test_calmar": -3.115692042533243,
    "fold2_test_trades": 32,
    "fold2_test_win_rate": 0.34375,
    "fold2_monthly_trades": 16.0,
    "fold2_all_pass": false,
    "fold3_test_return": 0.19730432809313614,
    "fold3_test_mdd": -0.00928605428496139,
    "fold3_overfit": NaN,
    "fold3_gates_passed": 5,
    "avg_calmar": 87.84331081497095,
    "avg_monthly_trades": 19.0,
    "agg_win_rate": 0.4649122807017544,
    "agg_gates_passed": 5,
    "fold1_test_calmar": 39.47846948919422,
    "fold1_test_trades": 41,
    "fold1_test_win_rate": 0.5121951219512195,
    "fold1_monthly_trades": 20.5,
    "fold1_all_pass": true,
    "fold2_test_return": -0.03946147623856067,
    "fold2_test_mdd": -0.0703592586739551,
    "fold2_overfit": NaN,
    "fold2_gates_passed": 4,
    "fold3_test_calmar": 227.16715499825187,
    "fold3_test_trades": 41,
    "fold3_test_win_rate": 0.5121951219512195,
    "fold3_monthly_trades": 20.5,
    "fold3_all_pass": true,
    "avg_overfit": NaN,
    "agg_trades": 114,
    "worst_mdd": -0.0703592586739551,
    "valid": true
  },
  "n_trials": 1000,
  "n_valid": 754
}