{
  "strategy": "trend_followthrough",
  "best_value": 126.56271845447297,
  "best_params": {
    "lookback_days": 7,
    "buffer_pct": 0.6000000000000001,
    "entry_hhmm_min": 1430
  },
  "best_user_attrs": {
    "fold1_test_calmar": 231.73243988575476,
    "fold1_test_trades": 124,
    "fold1_test_win_rate": 0.5725806451612904,
    "fold1_monthly_trades": 62.0,
    "fold1_all_pass": true,
    "fold2_test_return": -0.0722751244454154,
    "fold2_test_mdd": -0.07777986197439284,
    "fold2_overfit": -0.8466792536875252,
    "fold2_gates_passed": 4,
    "fold3_test_calmar": 152.70514144545265,
    "fold3_test_trades": 144,
    "fold3_test_win_rate": 0.4791666666666667,
    "fold3_monthly_trades": 72.0,
    "fold3_all_pass": true,
    "avg_overfit": 12.828915786661934,
    "agg_trades": 337,
    "worst_mdd": -0.07777986197439284,
    "valid": true,
    "fold1_test_return": 0.32158761607744446,
    "fold1_test_mdd": -0.01699366310279499,
    "fold1_overfit": NaN,
    "fold1_gates_passed": 5,
    "fold2_test_calmar": -4.749425967788512,
    "fold2_test_trades": 69,
    "fold2_test_win_rate": 0.37681159420289856,
    "fold2_monthly_trades": 34.5,
    "fold2_all_pass": false,
    "fold3_test_return": 0.3433782853348275,
    "fold3_test_mdd": -0.03550431565952972,
    "fold3_overfit": 26.504510827011394,
    "fold3_gates_passed": 5,
    "avg_calmar": 126.56271845447297,
    "avg_monthly_trades": 56.166666666666664,
    "agg_win_rate": 0.49258160237388726,
    "agg_gates_passed": 5
  },
  "n_trials": 1000,
  "n_valid": 986
}